{
  "test_metrics": {
    "mae": 0.26815172368449725,
    "rmse": 0.3791765997188278,
    "r2": 0.9079790033301378,
    "chemical_accuracy": 11.780542524984703,
    "n_predictions": 73545,
    "n_nan": 0
  },
  "model": {
    "epoch": 9,
    "best_val_loss": 0.26797192430641403
  }
}