{
  "test_metrics": {
    "mae": 0.267899328184546,
    "rmse": 0.3788878274397718,
    "r2": 0.9081191121565246,
    "chemical_accuracy": 11.814535318512476,
    "n_predictions": 73545,
    "n_nan": 0
  },
  "model": {
    "epoch": 9,
    "best_val_loss": 0.26797192430641403
  }
}